"15604N`wtK,$+"","
90039150yrnaAClM&+$!)-&*
"07785526pgE[ubTl#.""+(//!"
"08277808pVZBQHMU,+,&+$!!"
57717450MC\^JtdJ&.&)/%+%
"80565771`OkKJFYs'#."",#%%"
68938189]mwKd_S[
126QmR%%+
"19432976bqhtJDhc%$#&/,&+"
"31930544hoHyG\Eg/*&&,!-%"
"49793900799]_ZVegEgt\w!*&,$-*#,+&"
"96200681000^[_[uiiV_zd#'$'-&',)'"""
"91735759095375416321923216572886385107474889473175741765465308215206217656521674932645499330374405588617866678785298QXtwGggRpSQgslLJbylrDZdHfOSYobevW[rdqwSxJcuSrwvQP\Rj\[OzGdrDSXQPbIcRSFQqohxdUdbaavVgswFpE_kz\mWrwxDLKNekQLdssAkeVvDY%,$!*+.!%+,.,/%)""""&&$""%/*%#)#//,.$-#$&%##""'#./%+*$#,)!)!#%&'%.,)*#(()/)$)."","",#+""'$)()%)#"".(*/+#).!),.!#(#/#)#(%'/#!"
"46736216C]ULLF[c*""%&'&'/"
019`Dw$#)
"33244217USFYe\Co)-,+$'!$"
"03142879HN]LlYqw-$""$-((-"
"48475016qXRphmJY!/,.#-,."
